                  epoch,         train/box_loss,         train/cls_loss,         train/dfl_loss,   metrics/precision(B),      metrics/recall(B),       metrics/mAP50(B),    metrics/mAP50-95(B),           val/box_loss,           val/cls_loss,           val/dfl_loss,                 lr/pg0,                 lr/pg1,                 lr/pg2
                      1,                0.71969,                0.46847,                 1.0652,                0.73842,                0.77304,                0.74764,                0.58208,                  1.065,                 1.3559,                 1.4117,             0.00046812,             0.00046812,             0.00046812
                      2,                0.75167,                0.49255,                 1.0729,                0.74111,                0.73268,                 0.7349,                0.55093,                 1.1138,                 1.4628,                 1.4225,             0.00085095,             0.00085095,             0.00085095
                      3,                0.83403,                0.55587,                 1.1228,                0.71336,                0.74509,                0.67598,                0.46802,                 1.2836,                 1.5243,                 1.5488,              0.0011395,              0.0011395,              0.0011395
                      4,                0.83238,                0.56343,                 1.1085,                0.79764,                    0.7,                 0.7764,                0.57278,                  1.161,                 1.3148,                 1.5093,              0.0010046,              0.0010046,              0.0010046
                      5,                0.79775,                0.54023,                 1.1008,                0.68524,                0.77933,                0.72015,                0.52737,                 1.1402,                 1.5093,                 1.5011,             0.00086312,             0.00086312,             0.00086312
